cdf,prefill_time_execution_plus_preemption,replica
0.0,0.026945600168545525,0
0.01,0.02885773563608845,0
0.02,0.030769871103631382,0
0.03,0.03268200657117431,0
0.04,0.03347990967438712,0
0.05,0.033952828338003636,0
0.06,0.03442574700162016,0
0.07,0.034776222585620645,0
0.08,0.03502586269229027,0
0.09,0.035275502798959905,0
0.1,0.03546607729241487,0
0.11,0.035532613998119016,0
0.12,0.03559915070382317,0
0.13,0.03568086221697058,0
0.14,0.035904205266255075,0
0.15,0.03612754831553957,0
0.16,0.03635089136482406,0
0.17,0.03643848055075729,0
0.18,0.03650595805323107,0
0.19,0.036573435555704845,0
0.2,0.036765591166451374,0
0.21,0.03702631973674791,0
0.22,0.03728704830704444,0
0.23,0.038915179617774506,0
0.24,0.04243663779987407,0
0.25,0.045958095981973646,0
0.26,0.04897217707615841,0
0.27,0.04987218697069816,0
0.28,0.05077219686523791,0
0.29,0.05167220675977765,0
0.3,0.05229367884940217,0
0.31,0.05290586634552952,0
0.32,0.053518053841656865,0
0.33,0.0545955835683354,0
0.34,0.055834971462162174,0
0.35000000000000003,0.057074359355988945,0
0.36,0.05866996263424596,0
0.37,0.06059951783540633,0
0.38,0.0625290730365667,0
0.39,0.0639718029076807,0
0.4,0.064224515305348,0
0.41000000000000003,0.06447722770301531,0
0.42,0.0647333206680375,0
0.43,0.06503843185970525,0
0.44,0.065343543051373,0
0.45,0.06564865424304074,0
0.46,0.06716188448550867,0
0.47000000000000003,0.06890744531466893,0
0.48,0.0706530061438292,0
0.49,0.07136722749654126,0
0.5,0.07143007654833866,0
0.51,0.07149292560013606,0
0.52,0.07180294903586443,0
0.53,0.07250433191281683,0
0.54,0.07320571478976924,0
0.55,0.07395834737073326,0
0.56,0.07497747841255774,0
0.5700000000000001,0.0759966094543822,0
0.58,0.07701574049620667,0
0.59,0.0773559376060021,0
0.6,0.07764931168600242,0
0.61,0.07794268576600275,0
0.62,0.08079556906243082,0
0.63,0.08469552431103397,0
0.64,0.08859547955963705,0
0.65,0.09230265246687923,0
0.66,0.09580419087666969,0
0.67,0.09930572928646014,0
0.68,0.10209671998551244,0
0.6900000000000001,0.10284488601619245,0
0.7000000000000001,0.10359305204687246,0
0.71,0.10432054172629143,0
0.72,0.1044277408678795,0
0.73,0.10453494000946754,0
0.74,0.10464213915105561,0
0.75,0.10471191719422812,0
0.76,0.10477271417378091,0
0.77,0.1048335111533337,0
0.78,0.1048590066608881,0
0.79,0.1048590066608881,0
0.8,0.1048590066608881,0
0.81,0.10517802501222434,0
0.8200000000000001,0.10607707672962646,0
0.8300000000000001,0.1069761284470286,0
0.84,0.10809279249315779,0
0.85,0.11067833975819459,0
0.86,0.11326388702323144,0
0.87,0.11584943428826824,0
0.88,0.13293590488120705,0
0.89,0.1515760458307066,0
0.9,0.1702161867802064,0
0.91,0.18110838974984672,0
0.92,0.18831109844336372,0
0.93,0.1955138071368808,0
0.9400000000000001,0.19986579984185682,0
0.9500000000000001,0.2007562088464617,0
0.96,0.20164661785106658,0
0.97,0.2033106914033282,0
0.98,0.20762732911898416,0
0.99,0.2119439668346402,0
1.0,0.21626060455029616,0
0.0,0.027750890835207542,1
0.01,0.02913866291347489,1
0.02,0.030526434991742235,1
0.03,0.03191420707000958,1
0.04,0.03320441164594996,1
0.05,0.034445832470726856,1
0.06,0.03568725329550375,1
0.07,0.036542837031502094,1
0.08,0.03662674658994334,1
0.09,0.03671065614838458,1
0.1,0.03679456570682582,1
0.11,0.03700120633851487,1
0.12,0.03720784697020392,1
0.13,0.03741448760189296,1
0.14,0.03780106069475551,1
0.15,0.038277600018204794,1
0.16,0.03875413934165408,1
0.17,0.039071832223953606,1
0.18,0.039071832223953606,1
0.19,0.039071832223953606,1
0.2,0.039071832223953606,1
0.21,0.039093721595382644,1
0.22,0.03911561096681169,1
0.23,0.039137500338240726,1
0.24,0.041036995647482394,1
0.25,0.04387529392563039,1
0.26,0.04671359220377838,1
0.27,0.048605791055877035,1
0.28,0.048605791055877035,1
0.29,0.048605791055877035,1
0.3,0.048605791055877035,1
0.31,0.04866248889893967,1
0.32,0.048719186742002304,1
0.33,0.048775884585064946,1
0.34,0.05026670697551197,1
0.35000000000000003,0.05247459163965118,1
0.36,0.05468247630379039,1
0.37,0.05615553298137144,1
0.38,0.05615893368583613,1
0.39,0.05616233439030083,1
0.4,0.05616573509476552,1
0.41000000000000003,0.05664535520841269,1
0.42,0.057124975322059866,1
0.43,0.05760459543570704,1
0.44,0.05897485563261284,1
0.45,0.06079043587114796,1
0.46,0.06260601610968308,1
0.47000000000000003,0.06500326546082959,1
0.48,0.06856385303719888,1
0.49,0.0721244406135682,1
0.5,0.0756850281899375,1
0.51,0.08231607609654007,1
0.52,0.08894712400314266,1
0.53,0.09557817190974519,1
0.54,0.09819583476857617,1
0.55,0.09880680510352136,1
0.56,0.09941777543846655,1
0.5700000000000001,0.10016998884525563,1
0.58,0.10120468839573249,1
0.59,0.10223938794620935,1
0.6,0.1032740874966862,1
0.61,0.10731178505858986,1
0.62,0.1113494826204935,1
0.63,0.11538718018239712,1
0.64,0.1197609553333791,1
0.65,0.12430276927890027,1
0.66,0.12884458322442144,1
0.67,0.13188328063922086,1
0.68,0.13191574499257683,1
0.6900000000000001,0.13194820934593282,1
0.7000000000000001,0.1319806736992888,1
0.71,0.13375802009166546,1
0.72,0.13553536648404219,1
0.73,0.13731271287641889,1
0.74,0.13821646230903006,1
0.75,0.13868341326175848,1
0.76,0.1391503642144869,1
0.77,0.1408022102810434,1
0.78,0.14482384657525602,1
0.79,0.14884548286946866,1
0.8,0.15286711916368123,1
0.81,0.15891646009533594,1
0.8200000000000001,0.1649658010269906,1
0.8300000000000001,0.1710151419586453,1
0.84,0.17595609592739833,1
0.85,0.1803428564147005,1
0.86,0.18472961690200265,1
0.87,0.19016161370541343,1
0.88,0.19768408314104133,1
0.89,0.20520655257666928,1
0.9,0.21272902201229726,1
0.91,0.2163304620378682,1
0.92,0.21993190206343913,1
0.93,0.22353334208901007,1
0.9400000000000001,0.2285254580667228,1
0.9500000000000001,0.23421291202050654,1
0.96,0.2399003659742902,1
0.97,0.24953906303515283,1
0.98,0.2670802463101736,1
0.99,0.2846214295851943,1
1.0,0.30216261286021506,1
0.0,0.026945600168545525,2
0.01,0.02884651932652247,2
0.02,0.03074743848449941,2
0.03,0.032376797762765364,2
0.04,0.032376797762765364,2
0.05,0.032376797762765364,2
0.06,0.032376797762765364,2
0.07,0.032376797762765364,2
0.08,0.032376797762765364,2
0.09,0.032376797762765364,2
0.1,0.032376797762765364,2
0.11,0.032376797762765364,2
0.12,0.032613188162766704,2
0.13,0.03302687136276905,2
0.14,0.033440554562771396,2
0.15,0.03402071939567097,2
0.16,0.03466747688172944,2
0.17,0.03531423436778791,2
0.18,0.03540662829436769,2
0.19,0.03540662829436769,2
0.2,0.03540662829436769,2
0.21,0.03540662829437018,2
0.22,0.03540662829437267,2
0.23,0.035440115255271465,2
0.24,0.035674523981548134,2
0.25,0.0359089327078248,2
0.26,0.036136747717382886,2
0.27,0.03634807843514452,2
0.28,0.03655940915290614,2
0.29,0.03703891896219033,2
0.3,0.037876000893504624,2
0.31,0.03871308282481891,2
0.32,0.041017062101701654,2
0.33,0.044421214387760706,2
0.34,0.04782536667381976,2
0.35000000000000003,0.049001061831496884,2
0.36,0.04928537413782123,2
0.37,0.04956968644414559,2
0.38,0.050114043535021045,2
0.39,0.05070174142332169,2
0.4,0.05128943931162233,2
0.41000000000000003,0.05128943931162544,2
0.42,0.05128943931162855,2
0.43,0.05149325004305929,2
0.44,0.05291992516305584,2
0.45,0.05434660028305238,2
0.46,0.055870168326143964,2
0.47000000000000003,0.05763596867697309,2
0.48,0.05940176902780223,2
0.49,0.06105583619014111,2
0.5,0.06256092576782635,2
0.51,0.06406601534551158,2
0.52,0.0669152424383384,2
0.53,0.07077257266752142,2
0.54,0.07462990289670446,2
0.55,0.07573199724790314,2
0.56,0.0757319972479081,2
0.5700000000000001,0.07573199724791309,2
0.58,0.0760894570124094,2
0.59,0.07650649340432096,2
0.6,0.07692352979623251,2
0.61,0.07739160700431888,2
0.62,0.07785968421240526,2
0.63,0.07826849004790795,2
0.64,0.07832166764790856,2
0.65,0.07837484524790916,2
0.66,0.07910887249110186,2
0.67,0.08154502384227477,2
0.68,0.08398117519344767,2
0.6900000000000001,0.0882961234269916,2
0.7000000000000001,0.09511613417036369,2
0.71,0.1019361449137357,2
0.72,0.1048590066608952,2
0.73,0.1048590066608952,2
0.74,0.1048590066608952,2
0.75,0.10802169263030414,2
0.76,0.11244945298747668,2
0.77,0.11687721334464916,2
0.78,0.1175974255896115,2
0.79,0.11769971314920546,2
0.8,0.11780200070879943,2
0.81,0.11802178418920058,2
0.8200000000000001,0.11824156766960173,2
0.8300000000000001,0.11906219146319326,2
0.84,0.12348785713592746,2
0.85,0.12791352280866164,2
0.86,0.13109425761336305,2
0.87,0.13116266524798254,2
0.88,0.131231072882602,2
0.89,0.13359252672165617,2
0.9,0.13901137549995646,2
0.91,0.1444302242782568,2
0.92,0.15404923668727985,2
0.93,0.16681837181934484,2
0.9400000000000001,0.1795875069514096,2
0.9500000000000001,0.18703160114560724,2
0.96,0.19234567896465793,2
0.97,0.1976597567837085,2
0.98,0.20780974562358442,2
0.99,0.21876571963359798,2
1.0,0.2297216936436115,2
0.0,0.026945600168545525,3
0.01,0.02846633549492708,3
0.02,0.029987070821308637,3
0.03,0.03150780614769019,3
0.04,0.0325334800027656,3
0.05,0.03289907189609949,3
0.06,0.03326466378943337,3
0.07,0.03363025568276726,3
0.08,0.033723985816101844,3
0.09,0.03377240565610322,3
0.1,0.03382082549610459,3
0.11,0.033918124062200544,3
0.12,0.03413761944353297,3
0.13,0.03435711482486539,3
0.14,0.034576610206197816,3
0.15,0.03472865006591519,3
0.16,0.03485370771698655,3
0.17,0.034978765368057906,3
0.18,0.03515352240861432,3
0.19,0.03562647578608107,3
0.2,0.03609942916354782,3
0.21,0.036572382541014574,3
0.22,0.03714255770617285,3
0.23,0.03778564921209977,3
0.24,0.03842874071802669,3
0.25,0.039071832223953606,3
0.26,0.04179520934880202,3
0.27,0.04451858647365044,3
0.28,0.047241963598498846,3
0.29,0.04955307961771154,3
0.3,0.05131451416274331,3
0.31,0.053075948707775066,3
0.32,0.054837383252806834,3
0.33,0.05572833203800997,3
0.34,0.05647419986324167,3
0.35000000000000003,0.05722006768847336,3
0.36,0.05890653190058526,3
0.37,0.06294448707989762,3
0.38,0.06698244225921003,3
0.39,0.0710203974385224,3
0.4,0.07258740030753011,3
0.41000000000000003,0.07316602225241593,3
0.42,0.07374464419730177,3
0.43,0.07429838275737062,3
0.44,0.0747028210085375,3
0.45,0.0751072592597044,3
0.46,0.0755116975108713,3
0.47000000000000003,0.07612147635921751,3
0.48,0.0768852606554482,3
0.49,0.0776490449516789,3
0.5,0.0784128292479096,3
0.51,0.0814185369573744,3
0.52,0.08442424466683918,3
0.53,0.08742995237630395,3
0.54,0.08938008781846123,3
0.55,0.08992279357087513,3
0.56,0.09046549932328901,3
0.5700000000000001,0.09100820507570291,3
0.58,0.09292501009482917,3
0.59,0.09507083165840755,3
0.6,0.0972166532219859,3
0.61,0.09953318939697395,3
0.62,0.10227651210048634,3
0.63,0.10501983480399872,3
0.64,0.10776315750751111,3
0.65,0.11608288353108233,3
0.66,0.1266331708826772,3
0.67,0.13718345823427205,3
0.68,0.146315659867184,3
0.6900000000000001,0.1469393471879991,3
0.7000000000000001,0.14756303450881417,3
0.71,0.14818672182962928,3
0.72,0.14985437718562494,3
0.73,0.15230500856800602,3
0.74,0.1547556399503871,3
0.75,0.1572062713327682,3
0.76,0.1572062713327682,3
0.77,0.1572062713327682,3
0.78,0.1572062713327682,3
0.79,0.16014975863181635,3
0.8,0.16701789566292866,3
0.81,0.17388603269404085,3
0.8200000000000001,0.18075416972515307,3
0.8300000000000001,0.18216466673931678,3
0.84,0.18266555708398896,3
0.85,0.18316644742866117,3
0.86,0.1847586535843217,3
0.87,0.1890791492674532,3
0.88,0.19339964495058468,3
0.89,0.19772014063371618,3
0.9,0.19964979570508773,3
0.91,0.20062311453175538,3
0.92,0.20159643335842306,3
0.93,0.20461954105742294,3
0.9400000000000001,0.21994138199041516,3
0.9500000000000001,0.2352632229234074,3
0.96,0.25058506385639984,3
0.97,0.26167280053617786,3
0.98,0.26958495902604507,3
0.99,0.27749711751591233,3
1.0,0.2854092760057796,3
