Request Id,request_e2e_time
0,3.40594618062045
3,0.3281991097073602
2,3.5161397229880924
1,3.7277787386457195
5,0.4450932798160103
6,2.382854263788108
9,3.2315679899700243
4,6.29662539512397
7,5.569931415891357
8,6.0641507922676325
10,3.1882516246516026
13,0.5865003840071239
11,3.8068847782194233
12,4.355251887452916
14,2.268857046577235
15,3.975942730137845
18,0.4923892534703995
16,3.6557690409936647
17,2.9223435692608994
20,2.6014416314648727
22,0.3948179388449162
19,5.2787695011448434
24,5.313736169439402
27,2.372625444966012
23,5.5076549075186705
26,2.672441518033125
21,7.27827638610438
25,7.404299161157553
28,5.870118053710627
29,4.698071689472833
35,0.2146862140238852
30,4.12921730170649
31,4.384539564555823
33,1.4121562686438338
32,6.48031335150386
40,0.8474503173924717
34,4.11172309145536
37,4.902542415267241
36,5.584884828540567
38,4.8142852261047935
41,2.020212021077498
42,2.334275496565361
44,0.284061022241616
43,3.161215850790832
39,9.247624721995663
48,3.935832256143833
49,1.3058388564205075
45,7.411831643932558
46,7.508284627022633
47,4.722746711953604
51,4.189577596568199
54,1.2961085309164417
55,1.4160960439056964
52,4.995019753342163
50,5.288628811041846
53,3.361611903522814
56,5.417687536323982
58,3.9260178567596
60,2.8018265372763267
57,6.026948854666799
59,6.1972743282628215
61,4.4266592427239715
62,6.501071940070844
65,0.5228109179488882
66,3.531141792602085
63,4.790833181944862
64,5.749128768480972
73,0.324820108193407
68,0.966571754800583
70,1.2992561059749903
67,4.303518157049595
69,2.0478253404164803
74,3.3719281440811955
72,4.5346923032374775
71,5.916649213990226
76,1.6806960523502141
75,6.7297832024748345
78,0.932883832425162
77,4.520961114161068
79,4.267297836757166
82,2.6989164613425203
83,0.06803185889808105
80,4.16723907378605
85,1.4501345934977792
81,7.3289195626263535
84,6.833868861041125
86,0.9626586251200848
87,0.4697940117008699
88,0.6231686844431863
92,0.9496949715093166
89,1.962716180062074
93,0.4546778837031411
90,3.8117613428776167
91,4.196737367657704
96,3.234915899804477
94,3.571107246643919
95,3.629599210170568
99,0.40561981056501395
98,3.7008003342866402
97,3.9770741652482826
101,1.242073868038375
102,2.6416005883959883
100,3.140883956241481
103,4.95575356911786
105,0.28540986941789015
104,3.3061181133627713
106,0.7661541040735926
110,0.17506402719112657
107,3.3415950590130876
109,0.4813646394566433
112,0.1348390684241565
113,0.3116706137026881
111,3.9797952450083187
115,0.41324354996348234
108,6.49460512488821
116,0.8982230810362353
114,4.483583744033268
119,1.8426333872042449
118,2.7042587793986286
123,0.3016307515610208
120,5.378211205373248
117,6.4915456201072175
121,4.1524719149561236
124,4.2498028602517195
122,7.277922008876999
125,5.72010391704714
127,3.325795564808203
126,5.201465420163231
