cdf,prefill_time_execution_plus_preemption
0.0,0.026945600168545525
0.01,0.026945600168545525
0.02,0.027380457128543013
0.03,0.03149787544652938
0.04,0.032376797762765364
0.05,0.032376797762765364
0.06,0.032376797762765364
0.07,0.032376797762765364
0.08,0.03318497440277035
0.09,0.03361195509610337
0.1,0.0338035326961041
0.11,0.03461580581000028
0.12,0.03474651544463967
0.13,0.03524949967392587
0.14,0.03540662829436769
0.15,0.035408527571604155
0.16,0.03551329689001136
0.17,0.03590534866539329
0.18,0.036337241899327924
0.19,0.0365255937395888
0.2,0.0366304953365912
0.21,0.036743757442389294
0.22,0.036793396375154865
0.23,0.0374478741215556
0.24,0.03824583072997484
0.25,0.039071832223953606
0.26,0.039071832223953606
0.27,0.039092991949668345
0.28,0.044442953581260006
0.29,0.048605791055877035
0.3,0.048795103640746615
0.31,0.048797981612695746
0.32,0.048798108003555496
0.33,0.049537211382851755
0.34,0.05128943931162393
0.35000000000000003,0.051474749323056554
0.36,0.053123094166735996
0.37,0.055074886968763795
0.38,0.05557072776317895
0.39,0.0561604073244375
0.4,0.05737239755941915
0.41000000000000003,0.05775364510781159
0.42,0.05866422066446858
0.43,0.06248821693246242
0.44,0.0638885909694062
0.45,0.06471144108680989
0.46,0.06512701252825394
0.47000000000000003,0.06958314628079548
0.48,0.07152333643165093
0.49,0.07254666958824742
0.5,0.07401728863029611
0.51,0.07535281105505162
0.52,0.0756869069522611
0.53,0.07573199724790398
0.54,0.07642308612593865
0.55,0.0770577967225364
0.56,0.07805582300943144
0.5700000000000001,0.07832014828790854
0.58,0.0784128292479096
0.59,0.08488603140959754
0.6,0.08943967164867389
0.61,0.09083272583499792
0.62,0.0960457966587553
0.63,0.09876013997110455
0.64,0.10040708464309944
0.65,0.10265738831954678
0.66,0.10412934437476566
0.67,0.10468053810800733
0.68,0.1048590066608881
0.6900000000000001,0.10485900666089258
0.7000000000000001,0.1048590066608952
0.71,0.10789309787672949
0.72,0.11187014519424648
0.73,0.11654938442900561
0.74,0.11749421711515431
0.75,0.11795898890908596
0.76,0.12500522822372198
0.77,0.13122911837875573
0.78,0.1318789520587734
0.79,0.13393575473090313
0.8,0.13883906357933462
0.81,0.14534712509074477
0.8200000000000001,0.14699078801012852
0.8300000000000001,0.1502633885305681
0.84,0.15581774263866036
0.85,0.1572062713327682
0.86,0.1737350491741641
0.87,0.17892717184903542
0.88,0.18287571148685175
0.89,0.18364812317570178
0.9,0.19088355995283376
0.91,0.19872423536977885
0.92,0.19938222177831277
0.93,0.20234638814471978
0.9400000000000001,0.20634406648049572
0.9500000000000001,0.21502455066199652
0.96,0.2240559646937547
0.97,0.23237605222058638
0.98,0.2498834019216412
0.99,0.2777796946048363
1.0,0.30216261286021506
