cdf,request_execution_plus_preemption_time_normalized,replica
0.0,0.009799399000039153,0
0.01,0.009805269862586213,0
0.02,0.009811140725133272,0
0.03,0.009817011587680334,0
0.04,0.009820088075202042,0
0.05,0.00982234953667469,0
0.06,0.009824610998147337,0
0.07,0.009829649640522738,0
0.08,0.009836975373053346,0
0.09,0.009844301105583956,0
0.1,0.009857996423161179,0
0.11,0.00988506786933629,0
0.12,0.009912139315511402,0
0.13,0.009937712474315845,0
0.14,0.009949301617660718,0
0.15,0.009960890761005592,0
0.16,0.009972479904350467,0
0.17,0.009988904636333625,0
0.18,0.01000604575181875,0
0.19,0.010023186867303874,0
0.2,0.010038824716995161,0
0.21,0.01005363577049984,0
0.22,0.010068446824004516,0
0.23,0.010077235298922313,0
0.24,0.010077684818873662,0
0.25,0.010078134338825009,0
0.26,0.010085311971931701,0
0.27,0.010120523409852328,0
0.28,0.010155734847772954,0
0.29,0.01019094628569358,0
0.3,0.010198712085592254,0
0.31,0.010205563030890196,0
0.32,0.010212413976188137,0
0.33,0.010227015412863937,0
0.34,0.010244312672627686,0
0.35000000000000003,0.010261609932391436,0
0.36,0.010273212983616449,0
0.37,0.010279477714336396,0
0.38,0.010285742445056341,0
0.39,0.010290763691158025,0
0.4,0.010292745308192842,0
0.41000000000000003,0.01029472692522766,0
0.42,0.010296704857936203,0
0.43,0.010298629367913759,0
0.44,0.010300553877891316,0
0.45,0.010302478387868873,0
0.46,0.010304460374964176,0
0.47000000000000003,0.010306453415351354,0
0.48,0.010308446455738534,0
0.49,0.010309631408254988,0
0.5,0.01031030598948467,0
0.51,0.010310980570714352,0
0.52,0.010313757390768273,0
0.53,0.01031986275562724,0
0.54,0.01032596812048621,0
0.55,0.010332092712225651,0
0.56,0.010338317283743566,0
0.5700000000000001,0.010344541855261482,0
0.58,0.010350766426779397,0
0.59,0.010373230963033489,0
0.6,0.010396815496855592,0
0.61,0.010420400030677695,0
0.62,0.010436125253738463,0
0.63,0.010448635304215049,0
0.64,0.010461145354691634,0
0.65,0.01047482565751045,0
0.66,0.010489754229494315,0
0.67,0.010504682801478179,0
0.68,0.01052503001338756,0
0.6900000000000001,0.0105609558150828,0
0.7000000000000001,0.01059688161677804,0
0.71,0.01063311514340962,0
0.72,0.010678580418131309,0
0.73,0.010724045692852997,0
0.74,0.010769510967574687,0
0.75,0.010806214287601538,0
0.76,0.010840814738501629,0
0.77,0.01087541518940172,0
0.78,0.010910210090961893,0
0.79,0.010945145429109905,0
0.8,0.010980080767257918,0
0.81,0.011007423768121272,0
0.8200000000000001,0.011020962519376155,0
0.8300000000000001,0.011034501270631039,0
0.84,0.01105029838367661,0
0.85,0.01108133943880933,0
0.86,0.01111238049394205,0
0.87,0.01114342154907477,0
0.88,0.011177564793036445,0
0.89,0.01121204041437265,0
0.9,0.011246516035708854,0
0.91,0.011336917902765201,0
0.92,0.011453951315402569,0
0.93,0.011570984728039937,0
0.9400000000000001,0.011787339330110462,0
0.9500000000000001,0.012124298233635544,0
0.96,0.012461257137160623,0
0.97,0.014191263245520912,0
0.98,0.020697431199030423,0
0.99,0.027203599152540007,0
1.0,0.03370976710604952,0
0.0,0.009796596284183917,1
0.01,0.00983298460484949,1
0.02,0.009869372925515062,1
0.03,0.009905761246180634,1
0.04,0.009919604915203514,1
0.05,0.00992217625840505,1
0.06,0.009924747601606587,1
0.07,0.009929833694504769,1
0.08,0.009939949286796246,1
0.09,0.009950064879087723,1
0.1,0.0099601804713792,1
0.11,0.009972970874143807,1
0.12,0.009985761276908412,1
0.13,0.009998551679673019,1
0.14,0.010051023450580905,1
0.15,0.010123335905560433,1
0.16,0.010195648360539962,1
0.17,0.010245281942203767,1
0.18,0.010249557777236129,1
0.19,0.01025383361226849,1
0.2,0.01025810944730085,1
0.21,0.010282259550333371,1
0.22,0.010306409653365892,1
0.23,0.01033055975639841,1
0.24,0.010347819122965302,1
0.25,0.010361633121299377,1
0.26,0.010375447119633452,1
0.27,0.010386119425371817,1
0.28,0.010390508345918759,1
0.29,0.0103948972664657,1
0.3,0.010399286187012642,1
0.31,0.010403441867252991,1
0.32,0.01040759754749334,1
0.33,0.01041175322773369,1
0.34,0.010432908552814603,1
0.35000000000000003,0.0104625637003158,1
0.36,0.010492218847816995,1
0.37,0.01051383489296135,1
0.38,0.010519372733392028,1
0.39,0.010524910573822705,1
0.4,0.010530448414253383,1
0.41000000000000003,0.010560205921976184,1
0.42,0.010589963429698987,1
0.43,0.010619720937421789,1
0.44,0.0106349344589644,1
0.45,0.010642875987416913,1
0.46,0.010650817515869427,1
0.47000000000000003,0.010662686067473842,1
0.48,0.010682408665382058,1
0.49,0.010702131263290272,1
0.5,0.010721853861198487,1
0.51,0.010723996387360496,1
0.52,0.010726138913522504,1
0.53,0.010728281439684512,1
0.54,0.010738624256716973,1
0.55,0.010753067219184662,1
0.56,0.01076751018165235,1
0.5700000000000001,0.010785560436170735,1
0.58,0.010810825274790515,1
0.59,0.010836090113410293,1
0.6,0.010861354952030071,1
0.61,0.010861917917353681,1
0.62,0.010862480882677291,1
0.63,0.010863043848000903,1
0.64,0.010876147367315214,1
0.65,0.010895521163624878,1
0.66,0.010914894959934541,1
0.67,0.010980868794655313,1
0.68,0.011140042706198304,1
0.6900000000000001,0.011299216617741291,1
0.7000000000000001,0.011458390529284282,1
0.71,0.011537243788964034,1
0.72,0.011616097048643787,1
0.73,0.011694950308323541,1
0.74,0.01173108231097529,1
0.75,0.011745853685113033,1
0.76,0.011760625059250778,1
0.77,0.011832619935244983,1
0.78,0.012019061814952107,1
0.79,0.01220550369465923,1
0.8,0.012391945574366351,1
0.81,0.012495180665072355,1
0.8200000000000001,0.012598415755778357,1
0.8300000000000001,0.01270165084648436,1
0.84,0.012894193103676522,1
0.85,0.013131388944111767,1
0.86,0.013368584784547012,1
0.87,0.013609828583953477,1
0.88,0.013859168301302387,1
0.89,0.014108508018651298,1
0.9,0.01435784773600021,1
0.91,0.014470613246394587,1
0.92,0.014583378756788966,1
0.93,0.014696144267183343,1
0.9400000000000001,0.015521349916153473,1
0.9500000000000001,0.016702775634411485,1
0.96,0.017884201352669486,1
0.97,0.019072365278293337,1
0.98,0.02027400561864886,1
0.99,0.021475645959004384,1
1.0,0.022677286299359906,1
0.0,0.009793979385606931,2
0.01,0.009795400270172124,2
0.02,0.009796821154737317,2
0.03,0.009798719959744528,2
0.04,0.009803486287403842,2
0.05,0.009808252615063157,2
0.06,0.009811849511368778,2
0.07,0.009812522829290163,2
0.08,0.009813196147211548,2
0.09,0.009813680016904563,2
0.1,0.009813911288959754,2
0.11,0.009814142561014942,2
0.12,0.009814745516778644,2
0.13,0.00981562723532373,2
0.14,0.009816508953868817,2
0.15,0.009819728626361721,2
0.16,0.009823883480433752,2
0.17,0.009828038334505783,2
0.18,0.009851651777014803,2
0.19,0.009878508317596653,2
0.2,0.009905364858178504,2
0.21,0.009911990789186363,2
0.22,0.009918616720194224,2
0.23,0.00992450925677058,2
0.24,0.009926001426757921,2
0.25,0.00992749359674526,2
0.26,0.009933793735443652,2
0.27,0.009952113795919672,2
0.28,0.009970433856395695,2
0.29,0.009981901340595197,2
0.3,0.009984232056426012,2
0.31,0.009986562772256827,2
0.32,0.009991831119172257,2
0.33,0.009999302689401149,2
0.34,0.010006774259630041,2
0.35000000000000003,0.010038072289394202,2
0.36,0.01007890090297247,2
0.37,0.010119729516550735,2
0.38,0.010157613219198966,2
0.39,0.010195006103358856,2
0.4,0.010232398987518746,2
0.41000000000000003,0.010239646131603927,2
0.42,0.01024689327568911,2
0.43,0.010255160388631243,2
0.44,0.010269547314715074,2
0.45,0.010283934240798907,2
0.46,0.010297229877945584,2
0.47000000000000003,0.010307797292749376,2
0.48,0.010318364707553169,2
0.49,0.010325355384322749,2
0.5,0.010327577077046714,2
0.51,0.010329798769770679,2
0.52,0.010344702331676708,2
0.53,0.010369117295469289,2
0.54,0.010393532259261868,2
0.55,0.010408666466956483,2
0.56,0.010420088372211912,2
0.5700000000000001,0.01043151027746734,2
0.58,0.010463806624805014,2
0.59,0.010499582045823061,2
0.6,0.01053535746684111,2
0.61,0.010571200274298672,2
0.62,0.010607043081756234,2
0.63,0.01064550535158657,2
0.64,0.01069968439565355,2
0.65,0.010753863439720531,2
0.66,0.010806017213224953,2
0.67,0.010853107810322978,2
0.68,0.010900198407421001,2
0.6900000000000001,0.010942262229102873,2
0.7000000000000001,0.010977623683563205,2
0.71,0.011012985138023538,2
0.72,0.011037704537189713,2
0.73,0.011054442394885268,2
0.74,0.011071180252580822,2
0.75,0.01109555642719918,2
0.76,0.011122987928586656,2
0.77,0.011150419429974134,2
0.78,0.011159489546246503,2
0.79,0.011165499431666354,2
0.8,0.011171509317086204,2
0.81,0.011257219227958713,2
0.8200000000000001,0.011342929138831222,2
0.8300000000000001,0.011428945769691338,2
0.84,0.0115168027204771,2
0.85,0.011604659671262863,2
0.86,0.011671174168872488,2
0.87,0.011684332533541774,2
0.88,0.011697490898211059,2
0.89,0.01173023964032719,2
0.9,0.011789108885705783,2
0.91,0.011847978131084376,2
0.92,0.01202317478235062,2
0.93,0.0122856169880326,2
0.9400000000000001,0.012548059193714572,2
0.9500000000000001,0.014802014260757024,2
0.96,0.017852574472343678,2
0.97,0.020903134683930267,2
0.98,0.028067052339243816,2
0.99,0.03591652956851191,2
1.0,0.043766006797780005,2
0.0,0.009768156305082501,3
0.01,0.009775250831612126,3
0.02,0.009782345358141752,3
0.03,0.009789439884671377,3
0.04,0.009806828904410791,3
0.05,0.00983794391509659,3
0.06,0.00986905892578239,3
0.07,0.00990017393646819,3
0.08,0.009911388808628492,3
0.09,0.009919286991034544,3
0.1,0.009927185173440597,3
0.11,0.009935758311189,3
0.12,0.009946018837293276,3
0.13,0.00995627936339755,3
0.14,0.009966539889501826,3
0.15,0.009988518434305817,3
0.16,0.010015184186589695,3
0.17,0.010041849938873571,3
0.18,0.010067700322490969,3
0.19,0.010088658494109493,3
0.2,0.010109616665728016,3
0.21,0.010130574837346541,3
0.22,0.010149687742578356,3
0.23,0.01016741669802014,3
0.24,0.010185145653461923,3
0.25,0.010202874608903708,3
0.26,0.010207386648952184,3
0.27,0.01021189868900066,3
0.28,0.010216410729049137,3
0.29,0.010219376762026718,3
0.3,0.010220281452243105,3
0.31,0.010221186142459492,3
0.32,0.010222090832675878,3
0.33,0.010226106922732701,3
0.34,0.010230641579429598,3
0.35000000000000003,0.010235176236126495,3
0.36,0.01024398644756788,3
0.37,0.010263485545870485,3
0.38,0.010282984644173092,3
0.39,0.010302483742475697,3
0.4,0.010323672878880035,3
0.41000000000000003,0.010345538030525065,3
0.42,0.010367403182170094,3
0.43,0.010387791607832124,3
0.44,0.01039931967759614,3
0.45,0.010410847747360157,3
0.46,0.010422375817124173,3
0.47000000000000003,0.010447292407515393,3
0.48,0.010482250388377015,3
0.49,0.010517208369238638,3
0.5,0.01055216635010026,3
0.51,0.010589539289276894,3
0.52,0.010626912228453531,3
0.53,0.010664285167630166,3
0.54,0.010688150002607553,3
0.55,0.010694004031985947,3
0.56,0.010699858061364339,3
0.5700000000000001,0.010705712090742732,3
0.58,0.010718824592067995,3
0.59,0.01073314683871774,3
0.6,0.010747469085367485,3
0.61,0.010761155674566567,3
0.62,0.010773253120139001,3
0.63,0.010785350565711435,3
0.64,0.010797448011283869,3
0.65,0.010809091613269787,3
0.66,0.010820553677821101,3
0.67,0.010832015742372414,3
0.68,0.01084392204247733,3
0.6900000000000001,0.010858493755903857,3
0.7000000000000001,0.010873065469330385,3
0.71,0.010887637182756912,3
0.72,0.010900974017480502,3
0.73,0.01091338469317689,3
0.74,0.010925795368873278,3
0.75,0.010938206044569666,3
0.76,0.010944587873879233,3
0.77,0.0109509697031888,3
0.78,0.010957351532498367,3
0.79,0.010985996651117559,3
0.8,0.011044326155482918,3
0.81,0.011102655659848276,3
0.8200000000000001,0.011160985164213634,3
0.8300000000000001,0.011174354220014431,3
0.84,0.011180229867721134,3
0.85,0.011186105515427838,3
0.86,0.011194581999220798,3
0.87,0.011209560573229405,3
0.88,0.011224539147238012,3
0.89,0.011239517721246619,3
0.9,0.011303709063669308,3
0.91,0.011387585513457631,3
0.92,0.011471461963245954,3
0.93,0.011956830255917497,3
0.9400000000000001,0.014851149605888146,3
0.9500000000000001,0.017745468955858795,3
0.96,0.020639788305829482,3
0.97,0.02292615597991763,3
0.98,0.02475655989709384,3
0.99,0.02658696381427008,3
1.0,0.028417367731446316,3
