Request Id,request_e2e_time,request_e2e_time_normalized,request_execution_time,request_execution_time_normalized,request_model_execution_time,request_model_execution_time_normalized,request_preemption_time,request_scheduling_delay,request_execution_plus_preemption_time,request_execution_plus_preemption_time_normalized,prefill_e2e_time,prefill_e2e_time_normalized,prefill_time_execution_plus_preemption,prefill_time_execution_plus_preemption_normalized,decode_time_execution_plus_preemption_normalized,request_inter_arrival_delay,request_num_tokens,request_num_prefill_tokens,request_num_prefill_tokens_cached,request_num_decode_tokens,request_pd_ratio,request_num_restarts,request_arrived_at,replica
0,3.405946,0.010778,3.405946,0.010778,3.405946,0.010778,0.000000,0.000000,3.405946,0.010778,0.176229,0.000077,0.176229,0.000077,0.010221,0.000000,2606,2290,0,316,7.246835,0,0.000000,0
1,3.727779,0.010530,3.727779,0.010530,3.727779,0.010530,0.000000,0.000000,3.727779,0.010530,0.152867,0.000076,0.152867,0.000076,0.010099,3.000000,2366,2012,0,354,5.683616,0,3.000000,1
2,3.516140,0.009905,3.516140,0.009905,3.516140,0.009905,0.000000,0.000000,3.516140,0.009905,0.072174,0.000079,0.072174,0.000079,0.009701,3.000000,1270,915,0,355,2.577465,0,3.000000,3
3,0.328199,0.012623,0.328199,0.012623,0.328199,0.012623,0.000000,0.000000,0.328199,0.012623,0.085373,0.000081,0.085373,0.000081,0.009339,5.999000,1079,1053,0,26,40.500000,0,5.999000,2
4,6.296625,0.010238,6.296625,0.010238,6.296625,0.010238,0.000000,0.000000,6.296625,0.010238,0.075685,0.000051,0.075685,0.000051,0.010115,6.000000,2092,1477,512,615,2.401626,0,9.000000,3
5,0.445093,0.014358,0.445093,0.014358,0.445093,0.014358,0.000000,0.000000,0.445093,0.014358,0.139462,0.000061,0.139462,0.000061,0.009859,6.000000,2324,2293,512,31,73.967742,0,9.000000,1
6,2.382854,0.009929,2.382854,0.009929,2.382854,0.009929,0.000000,0.000000,2.382854,0.009929,0.051289,0.000046,0.051289,0.000046,0.009715,3.001000,1350,1110,512,240,4.625000,0,9.000000,2
7,5.569931,0.010630,5.569931,0.010630,5.569931,0.010630,0.000000,0.000000,5.569931,0.010630,0.116733,0.000057,0.116733,0.000057,0.010407,3.000000,2562,2038,512,524,3.889313,0,12.000000,1
8,6.064151,0.010331,6.064151,0.010331,6.064151,0.010331,0.000000,0.000000,6.064151,0.010331,0.104859,0.000055,0.104859,0.000055,0.010152,3.000000,2489,1902,512,587,3.240204,0,12.000000,2
9,3.231568,0.009974,3.231568,0.009974,3.231568,0.009974,0.000000,0.000000,3.231568,0.009974,0.048798,0.000046,0.048798,0.000046,0.009823,12.000000,1390,1066,512,324,3.290123,0,12.000000,0
10,3.188252,0.009840,3.183505,0.009826,3.183505,0.009826,0.000000,0.004747,3.183505,0.009826,0.037861,0.000042,0.033114,0.000037,0.009723,3.000000,1222,898,512,324,2.771605,0,15.000000,0
11,3.806885,0.010724,3.800825,0.010707,3.800825,0.010707,0.000000,0.006060,3.800825,0.010707,0.154514,0.000066,0.148454,0.000063,0.010288,6.000000,2705,2350,512,355,6.619718,0,15.000000,3
12,4.355252,0.010345,4.352555,0.010339,4.352555,0.010339,0.000000,0.002697,4.352555,0.010339,0.039492,0.000042,0.036795,0.000039,0.010251,3.000000,1355,934,512,421,2.218527,0,15.000000,1
13,0.586500,0.010289,0.577157,0.010126,0.577157,0.010126,0.000000,0.009343,0.577157,0.010126,0.042902,0.000048,0.033559,0.000037,0.009537,6.000000,955,898,512,57,15.754386,0,18.000000,2
14,2.268857,0.011635,2.268857,0.011635,2.268857,0.011635,0.000000,0.000000,2.268857,0.011635,0.216261,0.000068,0.216261,0.000068,0.010526,6.000000,3379,3184,512,195,16.328205,0,21.000000,0
15,3.975943,0.010863,3.975943,0.010863,3.975943,0.010863,0.000000,0.000000,3.975943,0.010863,0.173032,0.000065,0.173032,0.000065,0.010390,6.000000,3017,2651,512,366,7.243169,0,21.000000,1
16,3.655769,0.010535,3.655769,0.010535,3.655769,0.010535,0.000000,0.000000,3.655769,0.010535,0.131270,0.000062,0.131270,0.000062,0.010157,6.000000,2480,2133,512,347,6.146974,0,24.000000,2
17,2.922344,0.010077,2.922344,0.010077,2.922344,0.010077,0.000000,0.000000,2.922344,0.010077,0.073794,0.000052,0.073794,0.000052,0.009823,6.000000,1714,1424,512,290,4.910345,0,27.000000,0
18,0.492389,0.010258,0.492389,0.010258,0.492389,0.010258,0.000000,0.000000,0.492389,0.010258,0.036515,0.000038,0.036515,0.000038,0.009497,6.000000,1002,954,512,48,19.875000,0,27.000000,1
19,5.278770,0.010270,5.278770,0.010270,5.278770,0.010270,0.000000,0.000000,5.278770,0.010270,0.063898,0.000048,0.063898,0.000048,0.010146,6.000000,1836,1322,512,514,2.571984,0,33.000000,0
20,2.601442,0.009817,2.601442,0.009817,2.601442,0.009817,0.000000,0.000000,2.601442,0.009817,0.035407,0.000039,0.035407,0.000039,0.009683,9.000000,1181,916,512,265,3.456604,0,33.000000,2
21,7.278276,0.011873,7.278276,0.011873,7.278276,0.011873,0.000000,0.000000,7.278276,0.011873,0.198419,0.000069,0.198419,0.000069,0.011550,3.000000,3498,2885,512,613,4.706362,0,36.000000,2
22,0.394818,0.012736,0.394818,0.012736,0.394818,0.012736,0.000000,0.000000,0.394818,0.012736,0.097789,0.000057,0.097789,0.000057,0.009582,9.000000,1760,1729,512,31,55.774194,0,36.000000,1
23,5.507655,0.010842,5.507655,0.010842,5.507655,0.010842,0.000000,0.000000,5.507655,0.010842,0.146227,0.000060,0.146227,0.000060,0.010554,21.000000,2936,2428,512,508,4.779528,0,36.000000,3
24,5.313736,0.010522,5.310458,0.010516,5.310458,0.010516,0.000000,0.003278,5.310458,0.010516,0.054979,0.000051,0.051701,0.000048,0.010413,3.000000,1592,1087,512,505,2.152475,0,36.000000,0
25,7.404299,0.011923,7.245464,0.011667,7.245464,0.011667,0.000000,0.158835,7.245464,0.011667,0.342071,0.000143,0.183236,0.000077,0.011372,0.000000,3013,2392,512,621,3.851852,0,36.000000,2
26,2.672442,0.011721,2.672442,0.011721,2.672442,0.011721,0.000000,0.000000,2.672442,0.011721,0.243692,0.000069,0.243692,0.000069,0.010652,3.000000,3763,3535,512,228,15.504386,0,39.000000,1
27,2.372625,0.010640,2.370858,0.010632,2.370858,0.010632,0.000000,0.001768,2.370858,0.010632,0.059442,0.000049,0.057674,0.000048,0.010373,3.000000,1429,1206,512,223,5.408072,0,39.000000,0
28,5.870118,0.010227,5.867554,0.010222,5.867554,0.010222,0.000000,0.002564,5.867554,0.010222,0.036246,0.000040,0.033682,0.000038,0.010164,3.000000,1471,897,512,574,1.562718,0,39.000000,3
29,4.698072,0.010303,4.698072,0.010303,4.698072,0.010303,0.000000,0.000000,4.698072,0.010303,0.104663,0.000055,0.104663,0.000055,0.010073,2.999000,2351,1895,512,456,4.155702,0,41.999000,0
30,4.129217,0.010427,4.129217,0.010427,4.129217,0.010427,0.000000,0.000000,4.129217,0.010427,0.034639,0.000038,0.034639,0.000038,0.010340,6.000000,1303,907,512,396,2.290404,0,45.000000,3
31,4.384540,0.009988,4.384540,0.009988,4.384540,0.009988,0.000000,0.000000,4.384540,0.009988,0.026946,0.000030,0.026946,0.000030,0.009926,9.000000,1335,896,512,439,2.041002,0,45.000000,2
32,6.480313,0.010729,6.480313,0.010729,6.480313,0.010729,0.000000,0.000000,6.480313,0.010729,0.131872,0.000061,0.131872,0.000061,0.010511,6.000000,2762,2158,512,604,3.572848,0,45.000000,1
33,1.412156,0.012722,1.412156,0.012722,1.412156,0.012722,0.000000,0.000000,1.412156,0.012722,0.202336,0.000067,0.202336,0.000067,0.010899,6.001000,3135,3024,512,111,27.243243,0,48.000000,0
34,4.111723,0.010625,3.952888,0.010214,3.952888,0.010214,0.000000,0.158835,3.952888,0.010214,0.230163,0.000252,0.071329,0.000078,0.010030,0.000000,1301,914,512,387,2.361757,0,48.000000,0
35,0.214686,0.021469,0.213389,0.021339,0.213389,0.021339,0.000000,0.001297,0.213389,0.021339,0.119099,0.000059,0.117802,0.000058,0.009559,3.000000,2024,2014,512,10,201.400000,0,48.000000,2
36,5.584885,0.010420,5.581442,0.010413,5.581442,0.010413,0.000000,0.003443,5.581442,0.010413,0.040926,0.000043,0.037483,0.000040,0.010343,3.000000,1481,945,512,536,1.763060,0,48.000000,1
37,4.902542,0.011244,4.902296,0.011244,4.902296,0.011244,0.000000,0.000247,4.902296,0.011244,0.202677,0.000068,0.202431,0.000068,0.010780,3.000000,3422,2986,512,436,6.848624,0,48.000000,3
38,4.814285,0.010009,4.814285,0.010009,4.814285,0.010009,0.000000,0.000000,4.814285,0.010009,0.078261,0.000072,0.078261,0.000072,0.009846,3.000000,1564,1083,512,481,2.251559,0,51.000000,2
39,9.247625,0.010207,9.243804,0.010203,9.243804,0.010203,0.000000,0.003820,9.243804,0.010203,0.037676,0.000042,0.033855,0.000038,0.010166,3.000000,1804,898,512,906,0.991170,0,51.000000,3
40,0.847450,0.011299,0.809442,0.010793,0.809442,0.010793,0.000000,0.038008,0.809442,0.010793,0.093374,0.000086,0.055366,0.000051,0.010054,0.000000,1160,1085,512,75,14.466667,0,51.000000,2
41,2.020212,0.010861,2.020212,0.010861,2.020212,0.010861,0.000000,0.000000,2.020212,0.010861,0.137905,0.000063,0.137905,0.000063,0.010120,6.000000,2373,2187,512,186,11.758065,0,54.000000,1
42,2.334275,0.009849,2.334275,0.009849,2.334275,0.009849,0.000000,0.000000,2.334275,0.009849,0.036597,0.000037,0.036597,0.000037,0.009695,6.000000,1213,976,512,237,4.118143,0,54.000000,0
43,3.161216,0.010468,3.161216,0.010468,3.161216,0.010468,0.000000,0.000000,3.161216,0.010468,0.116100,0.000058,0.116100,0.000058,0.010083,3.000000,2318,2016,512,302,6.675497,0,57.000000,0
44,0.284061,0.013527,0.284061,0.013527,0.284061,0.013527,0.000000,0.000000,0.284061,0.013527,0.039145,0.000043,0.039145,0.000043,0.011663,3.000000,938,917,512,21,43.666667,0,57.000000,1
45,7.411832,0.010294,7.411832,0.010294,7.411832,0.010294,0.000000,0.000000,7.411832,0.010294,0.104859,0.000055,0.104859,0.000055,0.010149,6.000000,2622,1902,512,720,2.641667,0,57.000000,2
46,7.508285,0.010399,7.508285,0.010399,7.508285,0.010399,0.000000,0.000000,7.508285,0.010399,0.099825,0.000072,0.099825,0.000072,0.010261,0.000000,2105,1383,512,722,1.915512,0,57.000000,1
47,4.722747,0.010518,4.719883,0.010512,4.719883,0.010512,0.000000,0.002864,4.719883,0.010512,0.030615,0.000034,0.027751,0.000031,0.010450,3.000000,1342,893,512,449,1.988864,0,60.000000,1
48,3.935832,0.010963,3.926816,0.010938,3.926816,0.010938,0.000000,0.009016,3.926816,0.010938,0.192541,0.000071,0.183524,0.000068,0.010427,9.000000,3076,2717,512,359,7.568245,0,60.000000,3
49,1.305839,0.009818,1.305839,0.009818,1.305839,0.009818,0.000000,0.000000,1.305839,0.009818,0.026946,0.000030,0.026946,0.000030,0.009616,6.000000,1028,895,512,133,6.729323,0,63.000000,0
50,5.288629,0.010309,5.288629,0.010309,5.288629,0.010309,0.000000,0.000000,5.288629,0.010309,0.077081,0.000050,0.077081,0.000050,0.010159,2.999000,2042,1529,512,513,2.980507,0,65.999000,0
51,4.189578,0.009812,4.189578,0.009812,4.189578,0.009812,0.000000,0.000000,4.189578,0.009812,0.036076,0.000037,0.036076,0.000037,0.009727,8.999000,1406,979,512,427,2.292740,0,65.999000,2
52,4.995020,0.010385,4.995020,0.010385,4.995020,0.010385,0.000000,0.000000,4.995020,0.010385,0.048795,0.000045,0.048795,0.000045,0.010283,5.999000,1554,1073,512,481,2.230769,0,65.999000,1
53,3.361612,0.010065,3.361612,0.010065,3.361612,0.010065,0.000000,0.000000,3.361612,0.010065,0.039072,0.000044,0.039072,0.000044,0.009948,9.000000,1227,893,512,334,2.673653,0,69.000000,3
54,1.296109,0.010801,1.296109,0.010801,1.296109,0.010801,0.000000,0.000000,1.296109,0.010801,0.089147,0.000076,0.089147,0.000076,0.010058,0.000000,1296,1176,512,120,9.800000,0,69.000000,3
55,1.416096,0.011063,1.413926,0.011046,1.413926,0.011046,0.000000,0.002171,1.413926,0.011046,0.067868,0.000051,0.065698,0.000049,0.010533,3.001000,1469,1341,512,128,10.476562,0,69.000000,0
56,5.417688,0.010665,5.413305,0.010656,5.413305,0.010656,0.000000,0.004383,5.413305,0.010656,0.136363,0.000065,0.131981,0.000063,0.010396,3.001000,2611,2103,512,508,4.139764,0,69.000000,1
57,6.026949,0.010427,6.026949,0.010427,6.026949,0.010427,0.000000,0.000000,6.026949,0.010427,0.090608,0.000056,0.090608,0.000056,0.010270,3.000000,2203,1625,512,578,2.811419,0,72.000000,0
58,3.926018,0.011028,3.926018,0.011028,3.926018,0.011028,0.000000,0.000000,3.926018,0.011028,0.078413,0.000051,0.078413,0.000051,0.010808,6.001000,1891,1535,512,356,4.311798,0,72.000000,2
59,6.197274,0.010703,6.159266,0.010638,6.159266,0.010638,0.000000,0.038008,6.159266,0.010638,0.169083,0.000107,0.131075,0.000083,0.010411,0.000000,2156,1577,512,579,2.723661,0,72.000000,2
60,2.801827,0.009797,2.801827,0.009797,2.801827,0.009797,0.000000,0.000000,2.801827,0.009797,0.032377,0.000036,0.032377,0.000036,0.009683,5.999000,1184,898,512,286,3.139860,0,74.999000,1
61,4.426659,0.009793,4.426659,0.009793,4.426659,0.009793,0.000000,0.000000,4.426659,0.009793,0.035086,0.000038,0.035086,0.000038,0.009716,5.999000,1373,921,512,452,2.037611,0,74.999000,3
62,6.501072,0.010206,6.492356,0.010192,6.492356,0.010192,0.000000,0.008716,6.492356,0.010192,0.046154,0.000048,0.037438,0.000039,0.010133,2.999000,1602,965,512,637,1.514914,0,74.999000,0
63,4.790833,0.009981,4.790833,0.009981,4.790833,0.009981,0.000000,0.000000,4.790833,0.009981,0.064711,0.000048,0.064711,0.000048,0.009846,9.000000,1842,1362,512,480,2.837500,0,81.000000,2
64,5.749129,0.010140,5.749129,0.010140,5.749129,0.010140,0.000000,0.000000,5.749129,0.010140,0.091086,0.000056,0.091086,0.000056,0.009979,6.001000,2208,1641,512,567,2.894180,0,81.000000,3
65,0.522811,0.018672,0.522811,0.018672,0.522811,0.018672,0.000000,0.000000,0.522811,0.018672,0.039072,0.000043,0.039072,0.000043,0.017276,6.001000,934,906,512,28,32.357143,0,81.000000,1
66,3.531142,0.011770,3.531142,0.011770,3.531142,0.011770,0.000000,0.000000,3.531142,0.011770,0.302163,0.000081,0.302163,0.000081,0.010763,0.000000,4009,3709,512,300,12.363333,0,81.000000,1
67,4.303518,0.010078,4.303518,0.010078,4.303518,0.010078,0.000000,0.000000,4.303518,0.010078,0.064714,0.000047,0.064714,0.000047,0.009927,9.001000,1799,1372,512,427,3.213115,0,84.000000,0
68,0.966572,0.012392,0.966572,0.012392,0.966572,0.012392,0.000000,0.000000,0.966572,0.012392,0.039072,0.000044,0.039072,0.000044,0.011891,5.999000,970,892,512,78,11.435897,0,86.999000,1
69,2.047825,0.011190,2.047825,0.011190,2.047825,0.011190,0.000000,0.000000,2.047825,0.011190,0.078413,0.000076,0.078413,0.000076,0.010762,5.999000,1218,1035,512,183,5.655738,0,86.999000,3
70,1.299256,0.011705,1.299256,0.011705,1.299256,0.011705,0.000000,0.000000,1.299256,0.011705,0.075732,0.000058,0.075732,0.000058,0.011023,5.999000,1420,1309,512,111,11.792793,0,86.999000,2
71,5.916649,0.010777,5.916649,0.010777,5.916649,0.010777,0.000000,0.000000,5.916649,0.010777,0.187654,0.000074,0.187654,0.000074,0.010435,0.000000,3069,2520,512,549,4.590164,0,86.999000,1
72,4.534692,0.010521,4.496684,0.010433,4.496684,0.010433,0.000000,0.038008,4.496684,0.010433,0.155518,0.000089,0.117510,0.000067,0.010160,0.000000,2188,1757,512,431,4.076566,0,86.999000,2
73,0.324820,0.011601,0.315214,0.011258,0.315214,0.011258,0.000000,0.009606,0.315214,0.011258,0.045051,0.000050,0.035445,0.000039,0.009992,2.999000,934,906,512,28,32.357143,0,86.999000,0
74,3.371928,0.010807,3.333920,0.010686,3.333920,0.010686,0.000000,0.038008,3.333920,0.010686,0.146555,0.000078,0.108547,0.000058,0.010338,0.000000,2199,1887,512,312,6.048077,0,86.999000,3
75,6.729783,0.010290,6.729783,0.010290,6.729783,0.010290,0.000000,0.000000,6.729783,0.010290,0.104859,0.000055,0.104859,0.000055,0.010130,3.001000,2556,1902,512,654,2.908257,0,90.000000,0
76,1.680696,0.009829,1.680696,0.009829,1.680696,0.009829,0.000000,0.000000,1.680696,0.009829,0.032377,0.000036,0.032377,0.000036,0.009639,6.001000,1074,903,512,171,5.280702,0,93.000000,2
77,4.520961,0.010894,4.520961,0.010894,4.520961,0.010894,0.000000,0.000000,4.520961,0.010894,0.181735,0.000065,0.181735,0.000065,0.010456,6.001000,3202,2787,512,415,6.715663,0,93.000000,3
78,0.932884,0.009924,0.932884,0.009924,0.932884,0.009924,0.000000,0.000000,0.932884,0.009924,0.032377,0.000036,0.032377,0.000036,0.009580,2.999000,991,897,512,94,9.542553,0,95.999000,2
79,4.267298,0.010722,4.267298,0.010722,4.267298,0.010722,0.000000,0.000000,4.267298,0.010722,0.056154,0.000018,0.056154,0.000018,0.010581,9.000000,3540,3142,2560,398,7.894472,0,95.999000,1
80,4.167239,0.009969,4.167239,0.009969,4.167239,0.009969,0.000000,0.000000,4.167239,0.009969,0.032377,0.000036,0.032377,0.000036,0.009892,6.000000,1317,899,512,418,2.150718,0,99.000000,3
81,7.328920,0.010890,7.328920,0.010890,7.328920,0.010890,0.000000,0.000000,7.328920,0.010890,0.199464,0.000066,0.199464,0.000066,0.010594,9.000000,3698,3025,512,673,4.494799,0,99.000000,0
82,2.698916,0.009814,2.698916,0.009814,2.698916,0.009814,0.000000,0.000000,2.698916,0.009814,0.035407,0.000039,0.035407,0.000039,0.009685,3.001000,1189,914,512,275,3.323636,0,99.000000,2
83,0.068032,0.022677,0.068032,0.022677,0.068032,0.022677,0.000000,0.000000,0.068032,0.022677,0.048606,0.000046,0.048606,0.000046,0.006475,6.001000,1059,1056,512,3,352.000000,0,102.000000,1
84,6.833869,0.011076,6.833869,0.011076,6.833869,0.011076,0.000000,0.000000,6.833869,0.011076,0.229722,0.000068,0.229722,0.000068,0.010704,3.000000,3995,3378,512,617,5.474878,0,102.000000,2
85,1.450135,0.010358,1.443128,0.010308,1.443128,0.010308,0.000000,0.007007,1.443128,0.010308,0.043782,0.000045,0.036775,0.000038,0.010045,3.000000,1119,979,512,140,6.992857,0,102.000000,3
86,0.962659,0.010351,0.962659,0.010351,0.962659,0.010351,0.000000,0.000000,0.962659,0.010351,0.053676,0.000032,0.053676,0.000032,0.009774,9.000000,1754,1661,1024,93,17.860215,0,108.000000,0
87,0.469794,0.011458,0.469794,0.011458,0.469794,0.011458,0.000000,0.000000,0.469794,0.011458,0.075685,0.000051,0.075685,0.000051,0.009612,9.000000,1520,1479,512,41,36.073171,0,111.000000,1
88,0.623169,0.010386,0.623169,0.010386,0.623169,0.010386,0.000000,0.000000,0.623169,0.010386,0.048798,0.000046,0.048798,0.000046,0.009573,9.000000,1120,1060,512,60,17.666667,0,111.000000,3
89,1.962716,0.009814,1.962716,0.009814,1.962716,0.009814,0.000000,0.000000,1.962716,0.009814,0.032377,0.000036,0.032377,0.000036,0.009652,15.000000,1100,900,512,200,4.500000,0,117.000000,2
90,3.811761,0.009926,3.811761,0.009926,3.811761,0.009926,0.000000,0.000000,3.811761,0.009926,0.056166,0.000046,0.056166,0.000046,0.009780,6.000000,1600,1216,512,384,3.166667,0,117.000000,1
91,4.196737,0.010311,4.196737,0.010311,4.196737,0.010311,0.000000,0.000000,4.196737,0.010311,0.104317,0.000055,0.104317,0.000055,0.010055,9.000000,2295,1888,512,407,4.638821,0,117.000000,0
92,0.949695,0.010552,0.949695,0.010552,0.949695,0.010552,0.000000,0.000000,0.949695,0.010552,0.074241,0.000052,0.074241,0.000052,0.009727,6.000000,1524,1434,512,90,15.933333,0,117.000000,3
93,0.454678,0.028417,0.454678,0.028417,0.454678,0.028417,0.000000,0.000000,0.454678,0.028417,0.285409,0.000075,0.285409,0.000075,0.010579,3.000000,3824,3808,512,16,238.000000,0,120.000000,3
94,3.571107,0.010232,3.571107,0.010232,3.571107,0.010232,0.000000,0.000000,3.571107,0.010232,0.039072,0.000044,0.039072,0.000044,0.010120,3.000000,1243,894,512,349,2.561605,0,120.000000,2
95,3.629599,0.010253,3.629599,0.010253,3.629599,0.010253,0.000000,0.000000,3.629599,0.010253,0.060411,0.000067,0.060411,0.000067,0.010082,0.000000,1250,896,512,354,2.531073,0,120.000000,2
96,3.234916,0.010747,2.989781,0.009933,2.989781,0.009933,0.000000,0.245135,2.989781,0.009933,0.300224,0.000335,0.055089,0.000062,0.009750,0.000000,1196,895,512,301,2.973422,0,120.000000,3
97,3.977074,0.009918,3.977074,0.009918,3.977074,0.009918,0.000000,0.000000,3.977074,0.009918,0.057764,0.000049,0.057764,0.000049,0.009774,6.000000,1577,1176,512,401,2.932668,0,123.000000,1
98,3.700800,0.010029,3.700800,0.010029,3.700800,0.010029,0.000000,0.000000,3.700800,0.010029,0.071531,0.000051,0.071531,0.000051,0.009835,6.000000,1781,1412,512,369,3.826558,0,123.000000,0
99,0.405620,0.010401,0.405620,0.010401,0.405620,0.010401,0.000000,0.000000,0.405620,0.010401,0.036680,0.000036,0.036680,0.000036,0.009460,5.999000,1047,1008,512,39,25.846154,0,125.999000,2
100,3.140884,0.010003,3.140884,0.010003,3.140884,0.010003,0.000000,0.000000,3.140884,0.010003,0.063816,0.000048,0.063816,0.000048,0.009800,8.999000,1632,1318,512,314,4.197452,0,131.999000,1
101,1.242074,0.009937,1.242074,0.009937,1.242074,0.009937,0.000000,0.000000,1.242074,0.009937,0.036380,0.000036,0.036380,0.000036,0.009646,8.999000,1125,1000,512,125,8.000000,0,131.999000,0
102,2.641601,0.010961,2.641601,0.010961,2.641601,0.010961,0.000000,0.000000,2.641601,0.010961,0.157206,0.000062,0.157206,0.000062,0.010309,11.999000,2774,2533,512,241,10.510373,0,131.999000,3
103,4.955754,0.009794,4.955754,0.009794,4.955754,0.009794,0.000000,0.000000,4.955754,0.009794,0.035407,0.000039,0.035407,0.000039,0.009724,6.000000,1421,915,512,506,1.808300,0,131.999000,2
104,3.306118,0.011169,3.306118,0.011169,3.306118,0.011169,0.000000,0.000000,3.306118,0.011169,0.198955,0.000067,0.198955,0.000067,0.010497,3.001000,3287,2991,512,296,10.104730,0,135.000000,3
105,0.285410,0.011416,0.285410,0.011416,0.285410,0.011416,0.000000,0.000000,0.285410,0.011416,0.051289,0.000046,0.051289,0.000046,0.009365,6.001000,1137,1112,512,25,44.480000,0,138.000000,2
106,0.766154,0.014734,0.766154,0.014734,0.766154,0.014734,0.000000,0.000000,0.766154,0.014734,0.224734,0.000068,0.224734,0.000068,0.010412,6.001000,3365,3313,512,52,63.711538,0,138.000000,1
107,3.341595,0.009799,3.341595,0.009799,3.341595,0.009799,0.000000,0.000000,3.341595,0.009799,0.034639,0.000038,0.034639,0.000038,0.009698,6.001000,1249,908,512,341,2.662757,0,138.000000,0
108,6.494605,0.010244,6.494605,0.010244,6.494605,0.010244,0.000000,0.000000,6.494605,0.010244,0.103274,0.000057,0.103274,0.000057,0.010081,3.000000,2443,1809,512,634,2.853312,0,141.000000,1
109,0.481365,0.021880,0.481365,0.021880,0.481365,0.021880,0.000000,0.000000,0.481365,0.021880,0.257152,0.000071,0.257152,0.000071,0.010192,6.000000,3653,3631,512,22,165.045455,0,141.000000,3
110,0.175064,0.043766,0.175064,0.043766,0.175064,0.043766,0.000000,0.000000,0.175064,0.043766,0.118430,0.000058,0.118430,0.000058,0.014159,3.000000,2044,2040,512,4,510.000000,0,141.000000,2
111,3.979795,0.010101,3.902714,0.009905,3.902714,0.009905,0.000000,0.077081,3.902714,0.009905,0.154005,0.000168,0.076924,0.000084,0.009710,0.000000,1308,914,512,394,2.319797,0,141.000000,2
112,0.134839,0.033710,0.134839,0.033710,0.134839,0.033710,0.000000,0.000000,0.134839,0.033710,0.104859,0.000055,0.104859,0.000055,0.007495,6.000000,1908,1904,512,4,476.000000,0,144.000000,0
113,0.311671,0.011543,0.311671,0.011543,0.311671,0.011543,0.000000,0.000000,0.311671,0.011543,0.057753,0.000049,0.057753,0.000049,0.009404,3.000000,1209,1182,512,27,43.777778,0,144.000000,3
114,4.483584,0.009768,4.483584,0.009768,4.483584,0.009768,0.000000,0.000000,4.483584,0.009768,0.026946,0.000030,0.026946,0.000030,0.009709,3.000000,1353,894,512,459,1.947712,0,147.000000,3
115,0.413244,0.010331,0.413244,0.010331,0.413244,0.010331,0.000000,0.000000,0.413244,0.010331,0.035659,0.000038,0.035659,0.000038,0.009440,3.000000,972,932,512,40,23.300000,0,147.000000,0
116,0.898223,0.010324,0.898223,0.010324,0.898223,0.010324,0.000000,0.000000,0.898223,0.010324,0.049610,0.000032,0.049610,0.000032,0.009754,6.000000,1633,1546,1024,87,17.770115,0,147.000000,2
117,6.491546,0.011003,6.491546,0.011003,6.491546,0.011003,0.000000,0.000000,6.491546,0.011003,0.078028,0.000042,0.078028,0.000042,0.010870,2.999000,2434,1844,1024,590,3.125424,0,149.999000,0
118,2.704259,0.009798,2.704259,0.009798,2.704259,0.009798,0.000000,0.000000,2.704259,0.009798,0.032377,0.000036,0.032377,0.000036,0.009681,2.999000,1175,899,512,276,3.257246,0,149.999000,2
119,1.842633,0.009960,1.842633,0.009960,1.842633,0.009960,0.000000,0.000000,1.842633,0.009960,0.048606,0.000046,0.048606,0.000046,0.009697,8.999000,1238,1053,512,185,5.691892,0,149.999000,1
120,5.378211,0.011228,5.339138,0.011146,5.339138,0.011146,0.000000,0.039073,5.339138,0.011146,0.146833,0.000071,0.107759,0.000052,0.010921,0.000000,2542,2063,1024,479,4.306889,0,149.999000,0
121,4.152472,0.010758,4.152472,0.010758,4.152472,0.010758,0.000000,0.000000,4.152472,0.010758,0.157206,0.000062,0.157206,0.000062,0.010350,6.000000,2921,2535,512,386,6.567358,0,153.000000,3
122,7.277922,0.010928,7.277922,0.010928,7.277922,0.010928,0.000000,0.000000,7.277922,0.010928,0.212729,0.000069,0.212729,0.000069,0.010608,3.001000,3741,3075,512,666,4.617117,0,153.000000,1
123,0.301631,0.011172,0.301631,0.011172,0.301631,0.011172,0.000000,0.000000,0.301631,0.011172,0.048798,0.000046,0.048798,0.000046,0.009364,3.001000,1096,1069,512,27,39.592593,0,153.000000,2
124,4.249803,0.011154,4.249803,0.011154,4.249803,0.011154,0.000000,0.000000,4.249803,0.011154,0.075732,0.000061,0.075732,0.000061,0.010956,3.000000,1615,1234,512,381,3.238845,0,156.000000,2
125,5.720104,0.011000,5.682096,0.010927,5.682096,0.010927,0.000000,0.038008,5.682096,0.010927,0.184761,0.000083,0.146753,0.000066,0.010645,0.000000,2734,2214,512,520,4.257692,0,156.000000,2
126,5.201465,0.010219,5.201465,0.010219,5.201465,0.010219,0.000000,0.000000,5.201465,0.010219,0.098749,0.000056,0.098749,0.000056,0.010025,6.000000,2272,1763,512,509,3.463654,0,159.000000,3
127,3.325796,0.010297,3.325796,0.010297,3.325796,0.010297,0.000000,0.000000,3.325796,0.010297,0.101904,0.000057,0.101904,0.000057,0.009981,9.001000,2121,1798,512,323,5.566563,0,159.000000,0
